workload,servers,run,throughput_qps,errors,clients,server_threads
mixed,1,1,12853.4,0,32,4
mixed,1,2,13253.6,0,32,4
mixed,1,3,12761.1,0,32,4
mixed,2,1,15240.3,0,32,4
mixed,2,2,15134.1,0,32,4
mixed,2,3,15082.3,0,32,4
mixed,3,1,16460.5,0,32,4
mixed,3,2,16490.1,0,32,4
mixed,3,3,16171.3,0,32,4
mixed,4,1,16834.7,0,32,4
mixed,4,2,16781.4,0,32,4
mixed,4,3,16964.6,0,32,4
readonly,1,1,15536.9,0,32,4
readonly,1,2,15296.2,0,32,4
readonly,1,3,16055.1,0,32,4
readonly,2,1,21509.9,0,32,4
readonly,2,2,21199.5,0,32,4
readonly,2,3,21464.1,0,32,4
readonly,3,1,24787.7,0,32,4
readonly,3,2,24277.8,0,32,4
readonly,3,3,24959.5,0,32,4
readonly,4,1,22821.7,0,32,4
readonly,4,2,21916.5,0,32,4
readonly,4,3,22690.6,0,32,4
